Time,px0,px1,py0,py1
2024-11-21T18:38:06,5.1978352864583334e+17,-6.6107940673828139e+01,-2.3504180908203126e+17,-8.5495452880859403e+01
